user,attempts
admin,203
ubuntu,172
user,132
debian,96
test,76
oracle,45
pi,39
ftpuser,38
centos,35
postgres,29
from,28
guest,26
git,22
hadoop,21
deploy,21
jenkins,19
ec2-user,16
sol,15
inspur,15
mysql,14
administrator,14
operator,13
www,13
admin1,13
dspace,12
docker,12
test1,12
solana,12
kafka,11
frappe-user,11
svn,10
webmaster,10
nagios,10
tomcat,10
weblogic,10
huawei,10
redis,10
user1,10
apache,10
fedora,10
developer,10
nginx,10
mongodb,9
redhat,9
tester,9
kali,9
deployer,8
ubnt,8
ftp,8
james,7
book,7
test2,7
usuario,7
info,6
es,6
jack,6
mark,6
odoo13,6
teste,6
sysadmin,6
it,6
support,6
testuser,6
steam,6
vr,5
rose,5
userlogin,5
mega,5
jira,5
autcom,5
oe,5
k8s,5
frappe,5
manager,5
minecraft,5
system,5
maria,5
lee,5
bot,4
es_user,4
switch,4
devops,4
amir,4
alumno,4
install,4
oxidized,4
william,4
teamspeak,4
Azure,4
samp,4
ocean,4
wms,4
home,4
sim,4
newuser,4
ftp_user,4
steam1,4
chen,4
cc,4
runcloud,4
ossadm,4
kevin,4
kong,4
tuan,4
joe,4
rootftp,4
kitchen,4
a,4
vpn,4
ociisstd,4
node,4
wireguard,4
rstudio,4
ken,4
blog,4
leo,4
riscv,4
solv,4
abc,4
ansible,4
informix,4
aaa,4
valheim,4
super,4
vyos,3
logviewer,3
kiran,3
taiga,3
administrador,3
wordpress,3
gitlab-runner,3
config,3
freelancer,3
openeuler,3
copia,3
mcserver,3
theo,3
ts3server,3
me,3
kamil,3
splunk,3
fw,3
int,3
dietpi,3
diogo,3
user10,3
mostafa,3
validator,3
jboss,3
upload,3
howard,3
devel,3
rahul,3
ob,3
laravel,3
audit,3
lab,3
mas,3
sonarqube,3
loguser,3
User,3
admin1234,3
toor,3
test_user,3
factura,3
sonar,3
gmodserver,3
chatbot,3
jose,3
code,3
reports,3
open,3
boom,3
kim,3
azureuser,3
martin,3
server,3
auditor,3
bitwarden,3
prueba,3
seekcy,3
suraj,3
csgoserver,3
samson,3
vhserver,3
user3,3
brandon,3
speedtest,3
devtest,3
admins,3
student,3
api,3
grafana,3
sql,3
user4,3
csserver,3
rafael,3
factorio,3
squid,3
master,3
vincent,3
username,3
webadmin,3
syncthing,3
vpnuser,3
superv,3
demo,3
josh,3
runner,3
henry,3
oneadmin,3
koha,3
yuxiang,3
xq,3
ts,3
sonarr,3
lsk,3
hostinger,3
giorgio,3
lighthouse,3
NL5xUDpV2xRa,3
kibana,3
david,3
red,3
fastuser,3
web,3
hduser,3
monitor,3
bravo,3
asdf,3
userftp,3
odoo15,3
lin,3
security,3
selenium,3
cs2server,3
patrol,3
sftpuser,3
azure,3
iptv,3
hamed,2
zhaoxj,2
csgo,2
hasan,2
seedbox,2
patrick,2
novinhost,2
mak,2
installer,2
anthony,2
developers,2
superset,2
etherpad,2
kodi,2
ftpadmin,2
HwHiAiUser,2
subzero,2
mary,2
sftp,2
z,2
sean,2
pruebas,2
builder,2
nexus,2
nimda,2
erp,2
arch,2
yui,2
mrodelo,2
cinema,2
baikal,2
aria,2
dangulo,2
testtest,2
pterodactyl,2
wsq,2
PRUEBA,2
bash,2
anon,2
loginuser,2
arthur,2
test001,2
xbmc,2
onkar,2
andrey,2
daniel,2
openhabian,2
hamza,2
mhd,2
dockeruser,2
supervisor,2
rke,2
m,2
ashok,2
username1,2
readarr,2
lenovo,2
kiki,2
hello,2
usman,2
marconind,2
nurul,2
mohsen,2
jellyfin,2
pzuser,2
shiny,2
wqmarlduiqkmgs,2
rsyncuser,2
orangepi,2
test-user,2
server1,2
keycloak,2
flash,2
bastion,2
gt,2
reza2,2
maarch,2
igor,2
ftptest,2
jeff,2
mamad,2
lrendon,2
jb,2
clamav,2
actions,2
mobile,2
ganesh,2
esearch,2
pedrito,2
dc,2
gaurav,2
sns,2
telegram,2
tu,2
fluqueta,2
temp,2
bounce,2
manuel,2
kk,2
artem,2
tmax,2
sammy,2
tunnel,2
satis,2
production,2
be,2
mahdi,2
wialon,2
max,2
user-backup,2
1,2
ftpUser,2
sales1,2
ty,2
syncuser,2
kashan,2
mk,2
wahyu,2
frank,2
cacti,2
michel,2
script,2
vncuser,2
psg,2
usera,2
chris,2
michelle,2
librenms,2
airflow,2
embedded,2
elk,2
intell,2
grace,2
apple,2
gg,2
proxyuser,2
admin123,2
maint,2
omm,2
dbadmin,2
db,2
musicbot,2
kamera,2
amits,2
zabbix,2
tibero,2
shiva,2
ivan,2
pablo,2
andrea,2
reza,2
myuser,2
vagrant,2
odoo,2
spectrum,2
sc,2
pujie,2
exx,2
gerrit,2
staging,2
aluno,2
hacluster,2
site,2
prashant,2
rooter,2
alex,2
peertube,2
montse,2
min,2
zs,2
newtest,2
monitoring,2
deployment,2
kubeadmin,2
rust,2
bkp,2
httpadmin,2
nutanix,2
jetty,2
ke,2
sales,2
user5,2
usertest,2
nemo,2
jeus,2
webapp,2
zh,2
etienne,2
teamcity,2
db2fenc1,2
x,2
wilson,2
jing,2
smart,2
ismail,2
saude,2
user01,2
gbasedbt,2
sumit,2
barman,2
bitcoin,2
lihui,2
user15,2
andrew,2
intern,2
yogesh,2
esuser,2
ttx,2
asim,2
marco,2
strapi,2
world,2
gitlab,2
wg,2
jessica,2
dmdba,2
import,2
ts3,2
ahmed,2
qwerty,2
nrk,2
ca,2
alma,2
uzivatel,2
znc,2
sunil,2
ops,2
mqm,2
remoto,2
jito,2
supports,2
mario,2
jupyter,2
nikita,2
diego,2
comp,2
ventas05,2
ha,2
mgeweb,2
discord,2
test4,2
highgo,2
host,1
adam,1
valeria,1
crap,1
jake,1
roman,1
nishant,1
testmail,1
dw,1
marketing,1
common,1
mcuser,1
services,1
trading,1
main,1
eslfirmware,1
trader,1
karen,1
amin,1
iman,1
thiago,1
sagar,1
pooja,1
crypto,1
kira,1
zone,1
abbott,1
pb,1
eric,1
rico,1
acs,1
netbox,1
shree,1
dns,1
ociistst,1
postfixtester,1
bitrix,1
geyser,1
chrism,1
mailuser,1
nick,1
darwin,1
PlcmSpIp,1
dd,1
denis,1
rush,1
nico,1
paco,1
mauro,1
pz,1
leonardo,1
nmr,1
incoming,1
allinone,1
webtest,1
soma,1
olivier,1
user11,1
bi,1
mt,1
zjw,1
mukund,1
zfw,1
spark,1
applmgr,1
lch,1
shoutcast,1
myftp,1
jackie,1
cody,1
gl,1
linux,1
tommy,1
base,1
tin,1
gino,1
juan,1
avinash,1
nino,1
janus,1
alexandre,1
wangcx,1
shredstream,1
VPN,1
jackson,1
administracion,1
user02,1
len,1
extern,1
onlime_r,1
wiki,1
long,1
xtest,1
Administrator,1
prod,1
bayu,1
solar,1
Test,1
vip,1
sshuser,1
linaro,1
lukas,1
backend,1
odoo17,1
nvidia,1
gitea,1
phoenix,1
linuxadmin,1
kishimoto,1
l,1
pratik,1
1234,1
L,1
soporte,1
ctf,1
dockeradmin,1
veera,1
test01,1
12345,1
xd,1
user7,1
python,1
fiscal,1
ftp_test,1
mapr,1
gittest,1
bender,1
xdp,1
dbuser,1
greg,1
idempiere,1
robert,1
user123,1
backupuser,1
test5,1
fatima,1
admin2,1
bob,1
RPM,1
tmp,1
brian,1
var,1
test6,1
maroof,1
shoaib,1
marvin,1
vor,1
gpadmin,1
openvpn,1
steamcmd,1
anonymous,1
tomcat7,1
mc,1
orange,1
K,1
ventas,1
k,1
comercial,1
readuser,1
hpc-riscv,1
term2,1
sap_user,1
zxl,1
dasusr1,1
picorv,1
rootuser,1
mj,1
fmaster,1
partimag,1
zomboid,1
yang,1
q,1
grid,1
vendas,1
adminftp,1
nami,1
west,1
administrateur,1
rich,1
karim,1
thai,1
develop,1
lander,1
sahil,1
kkadmin,1
default,1
zu,1
root123,1
seafile,1
jihad,1
jay,1
jonathan,1
jan,1
rita,1
kakeru,1
gns3,1
aziz,1
tim,1
updates,1
J,1
student4,1
j,1
workflow,1
perforce,1
saeed,1
mf,1
t1,1
ibrahim,1
sshadmin,1
work,1
cloud,1
ftpusr,1
da,1
agnes,1
soheil,1
client,1
game,1
wqadmin,1
testserver,1
report,1
s1,1
geo,1
nikhil,1
nc,1
sftpuser1,1
netcool,1
sunny,1
publico,1
telecomadmin,1
alberto,1
andreas,1
devuser,1
dennis,1
amine,1
mike,1
nlp,1
ftpuser1,1
shin,1
gabriel,1
jarservice,1
Ava,1
fivem,1
brenda,1
Elijah,1
hammad,1
chat,1
Isabella,1
rizki,1
edubook,1
James,1
yekta,1
ospite,1
TEST,1
luo,1
almalinux,1
sandeep,1
trung,1
finance,1
vtatis,1
carlos,1
asd,1
ram,1
yy,1
test123,1
aditya,1
postgresql,1
ak,1
adminuser,1
vpsuser,1
vijay,1
sdbadmin,1
Emma,1
Noah,1
hugo,1
arun,1
Olivia,1
Liam,1
ftproot,1
appadmin,1
nb,1
build,1
steven,1
botuser,1
vintagestory,1
luna,1
coder,1
ygarcia,1
bwadmin,1
ruoyi,1
king,1
radio,1
I,1
invite,1
aa,1
i,1
prakash,1
autumn,1
ravi,1
linkdood,1
test1234,1
donald,1
satya,1
student1,1
hack,1
lol,1
user36,1
njzf,1
payroll,1
ionadmin,1
eva,1
wang,1
sistemas,1
javad,1
scott,1
lorena,1
morteza,1
wikijs,1
xiaoxiao,1
hirata,1
user13,1
sdtdserver,1
monika,1
ming,1
root2,1
adv,1
paul,1
dolphin,1
sipv,1
user9,1
oussama,1
superadmin,1
yupei,1
eversec,1
zhangsan,1
scs,1
dev1,1
victor,1
oss,1
john,1
apps,1
test3,1
readonly,1
usr1,1
jrodrig,1
ping,1
seyoung,1
sms,1
awx,1
hollyw65,1
intel,1
H,1
desliga,1
sam,1
h,1
hik,1
pre,1
testing,1
ecs,1
liu,1
debianuser,1
lisi,1
luciano,1
hdfs,1
titus,1
yaya,1
user03,1
admin01,1
elena,1
sftptest,1
app,1
payara,1
rancher,1
vision,1
soksuser,1
xg,1
haha,1
httpd,1
user04,1
dvs,1
hassan,1
gera,1
player,1
ferry,1
samba,1
images,1
av,1
wow,1
insight,1
ghostuser,1
casa,1
appuser,1
morgan,1
init,1
sendmail,1
7days,1
printer,1
activemq,1
ari,1
msf,1
ashish,1
tony,1
manoj,1
julian,1
user2,1
alexis,1
newadmin,1
bot1,1
sandbox,1
salim,1
scan,1
superman,1
sshtunnel,1
davide,1
imran,1
asus,1
vishnu,1
development,1
posiflex,1
whmcs,1
pwserver,1
precio01,1
mastodon,1
pepe,1
xt,1
gameserver,1
asterisk,1
xiaoming,1
apagar,1
server2,1
off,1
ss,1
taiko,1
prowlarr,1
omega,1
panel,1
anaconda,1
rajesh,1
teste1,1
ftp_id,1
chromeuser,1
qwe,1
sybase,1
fran,1
gokul,1
toto,1
jrodriguez,1
jin,1
sangoma,1
faisal,1
kian,1
wangke,1
postgre,1
rahim,1
usuario2,1
julia,1
profe,1
mika,1
zero,1
abhi,1
worker,1
infra,1
mehedi,1
puneet,1
sarah,1
ir,1
arkserver,1
tt,1
ociisprd,1
sincroniza,1
unifi,1
nasrin,1
teamspeak3,1
amssys,1
ampal,1
icecast,1
moises,1
uno85,1
gits,1
sanjay,1
openbravo,1
deep,1
pc,1
cgpexpert,1
elastic,1
caja,1
sambauser,1
simon,1
deepak,1
vlad,1
kingbase,1
media,1
suporte,1
janusz,1
localhost,1
hlw,1
cmm,1
wafer,1
backuppc,1
oscar,1
santana,1
jesus,1
contact,1
robin,1
misha,1
local,1
tuser,1
filezilla,1
een,1
minikube,1
pal,1
light,1
titan,1
kamal,1
cat,1
terraria,1
kadmin,1
cheeki,1
michael,1
tiptop,1
julie,1
es1,1
tempuser,1
zy,1
ahmad,1
ionguest,1
connect,1
liming,1
mtvps1,1
bitnami,1
mosquitto,1
qbtuser,1
pos,1
trade,1
mapadmin,1
khalid,1
tidb,1
ts1,1
lucas,1
scsadmin,1
riad,1
celeryuser,1
kp,1
diquest,1
neko,1
autrede,1
hu,1
filippo,1
eli,1
shubham,1